sentence,char_index,token,latincy-lg
0,"(22, 35)",Acrocerauniis,LOC
0,"(63, 74)",Hellesponto,LOC
1,"(6, 12)",Epiros,LOC
1,"(15, 24)",Acarnania,LOC
1,"(27, 34)",Aetolia,LOC
1,"(46, 52)",Locris,LOC
1,"(55, 61)",Achaia,LOC
1,"(64, 72)",Messenia,LOC
1,"(75, 83)",Laconica,LOC
1,"(86, 93)",Argolis,LOC
1,"(106, 112)",Attice,LOC
1,"(115, 122)",Boeotia,LOC
1,"(174, 180)",Locris,LOC
1,"(203, 212)",Thessalia,LOC
1,"(215, 223)",Magnesia,LOC
1,"(226, 235)",Macedonia,LOC
1,"(238, 245)",Thracia,LOC
3,"(32, 41)",Cerauniis,LOC
4,"(31, 38)",Chaonia,LOC
4,"(46, 55)",Thesproti,LOC
4,"(129, 138)",Perrhaebi,LOC
4,"(174, 181)",Dryopes,LOC
5,"(17, 26)",Magnesiam,LOC
5,"(27, 37)",Macedoniam,LOC
5,"(42, 52)",Macedoniam,LOC
6,"(15, 23)",Triballi,LOC
6,"(48, 56)",Moesicae,LOC
6,"(114, 121)",Threces,LOC
6,"(125, 131)",Pontum,LOC
7,"(14, 22)",Rhodopes,LOC
8,"(3, 8)",Epiri,LOC
8,"(26, 39)",Acrocerauniis,LOC
8,"(40, 47)",Chimera,LOC
8,"(57, 62)",Aquae,LOC
8,"(84, 93)",Maeandria,LOC
8,"(96, 103)",Cestria,LOC
8,"(113, 124)",Thesprotiae,LOC
8,"(316, 323)",Acheron,LOC
8,"(333, 344)",Thesprotiae,LOC
8,"(345, 354)",Acherusia,LOC
9,"(16, 24)",Ambracia,LOC
10,"(19, 24)",Aphas,LOC
10,"(46, 50)",Anac,LOC
10,"(68, 76)",Pandosia,LOC
11,"(0, 10)",Acarnaniae,LOC
11,"(51, 59)",Heraclia,LOC
11,"(101, 107)",Actium,LOC
11,"(155, 167)",Nicopolitana,LOC
12,"(14, 22)",Ambracio,LOC
12,"(26, 32)",Ionium,LOC
12,"(41, 50)",Leucadium,LOC
12,"(97, 105)",Leucadia,LOC
13,"(14, 20)",Leucas,LOC
14,"(7, 16)",Acarnanum,LOC
14,"(23, 29)",Alyzia,LOC
14,"(42, 47)",Argos,LOC
15,"(36, 46)",Acarnaniam,LOC
15,"(50, 57)",Aetolia,LOC
15,"(70, 79)",Artemitam,LOC
16,"(30, 38)",Tymphaei,LOC
16,"(62, 71)",Perrhaebi,LOC
16,"(74, 81)",Dolopes,LOC
16,"(125, 130)",Ionio,LOC
17,"(0, 8)",Aetoliae,LOC
17,"(17, 24)",Calydon,LOC
17,"(29, 34)",VII.D,LOC
17,"(56, 62)",Euenum,LOC
18,"(5, 12)",Macynia,LOC
18,"(15, 23)",Molycria,LOC
18,"(40, 47)",Chalcis,LOC
19,"(23, 33)",Antirrhium,LOC
19,"(47, 58)",Corinthiaci,LOC
19,"(99, 106)",Aetolos,LOC
19,"(111, 118)",Aetolos,LOC
19,"(136, 147)",Peloponneso,LOC
20,"(45, 49)",Rion,LOC
21,"(7, 16)",Corinthio,LOC
21,"(29, 37)",Aetoliae,LOC
21,"(50, 59)",Eupalimna,LOC
22,"(16, 22)",Dodone,LOC
22,"(36, 44)",Ambracia,LOC
22,"(45, 51)",Crania,LOC
22,"(57, 66)",Acarnania,LOC
22,"(67, 77)",Aracynthus,LOC
22,"(83, 90)",Aetolia,LOC
22,"(101, 112)",Panaetolium,LOC
23,"(8, 15)",Aetolis,LOC
23,"(16, 21)",Locri,LOC
23,"(36, 42)",Ozolae,LOC
24,"(25, 34)",Apollinis,LOC
25,"(13, 19)",Argyna,LOC
25,"(22, 29)",Eupalia,LOC
26,"(6, 14)",Cirrhaei,LOC
26,"(40, 46)",Cirrha,LOC
26,"(56, 64)",Chalaeon,LOC
26,"(73, 76)",VII,LOC
26,"(107, 113)",Delphi,LOC
26,"(124, 131)",Parnaso,LOC
27,"(43, 50)",Delphos,LOC
27,"(62, 68)",Lilaea,LOC
27,"(69, 73)",urbe,LOC
28,"(50, 58)",Anticyra,LOC
28,"(73, 79)",Pyrrha,LOC
28,"(82, 89)",Amphisa,LOC
28,"(111, 119)",Tithorea,LOC
28,"(133, 139)",Mirana,LOC
29,"(30, 38)",Boeotiae,LOC
29,"(60, 66)",Siphis,LOC
29,"(69, 75)",Thebis,LOC
29,"(81, 88)",Corsiae,LOC
29,"(113, 122)",Heliconem,LOC
30,"(20, 28)",Boeotiae,LOC
30,"(50, 61)",Peloponnesi,LOC
31,"(15, 19)",Apia,LOC
31,"(39, 47)",Pelasgia,LOC
31,"(119, 126)",Aegaeum,LOC
31,"(130, 136)",Ionium,LOC
33,"(227, 239)",Peloponnesum,LOC
34,"(0, 12)",Corinthiacus,LOC
34,"(71, 80)",Cenchreae,LOC
36,"(31, 38)",Isthmon,LOC
36,"(88, 97)",Corinthus,LOC
36,"(106, 112)",Ephyra,LOC
36,"(191, 204)",Acrocorinthos,LOC
37,"(16, 28)",Corinthiacum,LOC
37,"(58, 65)",Leucade,LOC
38,"(74, 82)",Aetoliae,LOC
38,"(168, 180)",Corinthiacum,LOC
38,"(212, 219)",Isthmon,LOC
39,"(0, 7)",Achaiae,LOC
39,"(28, 34)",Isthmo,LOC
41,"(34, 46)",Corinthiorum,LOC
41,"(110, 114)",Bura,LOC
41,"(154, 160)",Sicyon,LOC
41,"(163, 169)",Aegira,LOC
41,"(172, 178)",Aegium,LOC
42,"(6, 13)",Cleonae,LOC
42,"(16, 22)",Hysiae,LOC
43,"(55, 60)",Rhium,LOC
44,"(6, 12)",Pherae,LOC
45,"(3, 9)",Achaia,LOC
45,"(24, 32)",Scioessa,LOC
45,"(51, 59)",Cymothoe,LOC
46,"(85, 91)",Araxus,LOC
46,"(125, 135)",Chelonates,LOC
46,"(143, 151)",Cyllenen,LOC
46,"(201, 211)",Araethyrea,LOC
47,"(30, 35)",Epioe,LOC
48,"(56, 63)",Olympii,LOC
49,"(77, 82)",Aulon,LOC
49,"(85, 92)",Leprium,LOC
50,"(116, 123)",Mothone,LOC
50,"(153, 160)",Acritas,LOC
51,"(10, 17)",Taenaro,LOC
52,"(10, 18)",Messenia,LOC
52,"(75, 82)",Messene,LOC
52,"(94, 102)",Oechalia,LOC
52,"(105, 110)",Arene,LOC
55,"(18, 25)",Amyclae,LOC
55,"(54, 60)",Sparta,LOC
55,"(88, 97)",Cardamyle,LOC
55,"(109, 115)",Anthia,LOC
55,"(124, 131)",Thyreae,LOC
55,"(134, 141)",Gerania,LOC
56,"(5, 13)",Taygetus,LOC
56,"(22, 29)",Eurotas,LOC
57,"(6, 15)",Aegilodes,LOC
58,"(35, 41)",Cretam,LOC
60,"(22, 31)",Scyllaeum,LOC
60,"(32, 41)",Argolicus,LOC
60,"(86, 91)",CLXII,LOC
61,"(7, 11)",Boea,LOC
61,"(14, 23)",Epidaurus,LOC
61,"(43, 48)",Zarax,LOC
62,"(38, 43)",Argos,LOC
62,"(132, 139)",Mycenae,LOC
62,"(180, 188)",Mantinea,LOC
63,"(32, 40)",Asterion,LOC
65,"(49, 56)",Troezen,LOC
65,"(59, 70)",Coryphasium,LOC
65,"(124, 131)",Dipsium,LOC
65,"(132, 137)",Argos,LOC
65,"(147, 157)",Schoenitas,LOC
66,"(66, 73)",Graecia,LOC
66,"(109, 118)",Epidaurum,LOC
66,"(129, 138)",Aesculapi,LOC
66,"(157, 165)",Spiraeum,LOC
66,"(188, 196)",Anthedus,LOC
66,"(235, 244)",Cenchreae,LOC
66,"(247, 253)",Isthmi,LOC
67,"(10, 21)",Peloponnesi,LOC
67,"(85, 91)",Ionium,LOC
67,"(144, 151)",Cretico,LOC
67,"(182, 188)",Aegaeo,LOC
67,"(214, 220)",Myrtoo,LOC
67,"(260, 267)",Atticen,LOC
68,"(18, 25)",Arcadia,LOC
69,"(22, 30)",Mantinea,LOC
69,"(33, 43)",Stymphalum,LOC
69,"(46, 51)",Tegea,LOC
69,"(54, 63)",Antigonea,LOC
69,"(79, 86)",Pheneum,LOC
69,"(107, 115)",Palatium,LOC
69,"(116, 121)",Romae,LOC
69,"(124, 135)",Megalepolis,LOC
69,"(138, 145)",Gortyna,LOC
69,"(159, 166)",Carnion,LOC
69,"(203, 209)",Heraea,LOC
69,"(212, 217)",Pylae,LOC
69,"(220, 227)",Pallene,LOC
69,"(230, 235)",Agrae,LOC
69,"(238, 243)",Epium,LOC
69,"(246, 255)",Cynaethae,LOC
69,"(266, 274)",Arcadiae,LOC
69,"(277, 287)",Parthenium,LOC
69,"(290, 294)",Alea,LOC
69,"(297, 307)",Methydrium,LOC
69,"(330, 336)",Lampia,LOC
69,"(339, 348)",Clitorium,LOC
69,"(351, 358)",Cleonae,LOC
70,"(43, 53)",Bembinadia,LOC
71,"(10, 17)",Arcadia,LOC
71,"(44, 51)",Cyllene,LOC
71,"(71, 77)",Lycaei,LOC
72,"(71, 78)",Alpheum,LOC
73,"(22, 28)",Achaia,LOC
74,"(10, 17)",Achaiae,LOC
75,"(42, 48)",Maleae,LOC
75,"(60, 66)",Aegium,LOC
75,"(85, 88)",CXC,LOC
75,"(144, 151)",Olympia,LOC
75,"(152, 157)",Argos,LOC
75,"(162, 170)",Arcadiam,LOC
75,"(197, 202)",Pylum,LOC
77,"(45, 52)",Graecia,LOC
78,"(12, 18)",Attice,LOC
78,"(32, 36)",Acte,LOC
79,"(9, 16)",Isthmum,LOC
79,"(62, 68)",Megara,LOC
80,"(27, 38)",Peloponneso,LOC
81,"(38, 44)",Sidous,LOC
81,"(47, 55)",Cremmyon,LOC
81,"(58, 66)",Scironia,LOC
81,"(89, 96)",Gerania,LOC
81,"(99, 105)",Megara,LOC
82,"(9, 14)",Oenoe,LOC
83,"(77, 84)",Athenis,LOC
85,"(3, 9)",Attica,LOC
85,"(17, 25)",Cephisia,LOC
85,"(28, 34)",Larine,LOC
85,"(36, 42)",Larine,LOC
85,"(46, 55)",Callirroe,LOC
85,"(122, 132)",Lycabettus,LOC
86,"(2, 8)",Piraeo,LOC
86,"(13, 19)",Sunium,LOC
86,"(78, 85)",Brauron,LOC
86,"(165, 171)",Melita,LOC
86,"(194, 202)",Boeotiae,LOC
87,"(6, 14)",Anthedon,LOC
87,"(29, 37)",Thespiae,LOC
87,"(77, 84)",Athenis,LOC
87,"(114, 122)",Boeotiae,LOC
89,"(13, 19)",Thebis,LOC
89,"(27, 36)",Cithaeron,LOC
90,"(20, 27)",Boeotia,LOC
90,"(28, 37)",Oedipodia,LOC
90,"(70, 78)",Arethusa,LOC
92,"(21, 30)",Megaricam,LOC
92,"(34, 40)",Thebas,LOC
92,"(86, 94)",Aspledon,LOC
92,"(104, 110)",Thisbe,LOC
92,"(113, 121)",Erythrae,LOC
92,"(124, 130)",Glissa,LOC
92,"(133, 138)",Copae,LOC
92,"(147, 155)",Cephisum,LOC
92,"(183, 189)",Medeon,LOC
92,"(203, 212)",Acraephia,LOC
92,"(225, 234)",Chaeronea,LOC
93,"(19, 25)",Thebas,LOC
93,"(123, 130)",Tanagra,LOC
93,"(205, 211)",Euboea,LOC
95,"(0, 5)",Locri,LOC
95,"(13, 24)",Epicnemidii,LOC
95,"(102, 106)",mare,LOC
97,"(50, 56)",Larisa,LOC
97,"(59, 65)",Elatea,LOC
97,"(100, 106)",Lilaea,LOC
97,"(148, 157)",Hyampolis,LOC
98,"(29, 36)",Larumna,LOC
98,"(39, 47)",Thronium,LOC
98,"(88, 92)",mare,LOC
99,"(7, 14)",Narycum,LOC
99,"(17, 22)",Alope,LOC
99,"(25, 33)",Scarphia,LOC
100,"(67, 74)",Aegonia,LOC
101,"(60, 67)",Cytinum,LOC
102,"(21, 25)",Oeta,LOC
103,"(60, 70)",Pelasgicon,LOC
103,"(71, 76)",Argos,LOC
103,"(94, 103)",Thessalia,LOC
104,"(39, 46)",Graecia,LOC
104,"(68, 76)",Hellenes,LOC
106,"(28, 34)",Dorida,LOC
107,"(53, 66)",Thermopylarum,LOC
107,"(103, 111)",Heraclea,LOC
108,"(9, 20)",Callidromus,LOC
108,"(57, 62)",Lamia,LOC
108,"(65, 71)",Phthia,LOC
108,"(74, 78)",Arne,LOC
109,"(3, 12)",Thessalia,LOC
109,"(101, 108)",Palamna,LOC
109,"(133, 139)",Pherae,LOC
109,"(157, 163)",Pieria,LOC
109,"(167, 177)",Macedoniam,LOC
109,"(192, 198)",Larisa,LOC
109,"(201, 207)",Gomphi,LOC
109,"(210, 216)",Thebae,LOC
109,"(217, 226)",Thessalae,LOC
109,"(271, 277)",Pagasa,LOC
109,"(311, 317)",Tricca,LOC
109,"(367, 373)",Iletia,LOC
111,"(3, 12)",Thessalia,LOC
111,"(69, 76)",Olympus,LOC
111,"(87, 91)",Ossa,LOC
112,"(8, 18)",Thessaliae,LOC
112,"(77, 84)",Messeis,LOC
112,"(148, 155)",Gomphos,LOC
112,"(176, 181)",Ossam,LOC
112,"(185, 192)",Olympum,LOC
113,"(12, 17)",Tempe,LOC
115,"(0, 10)",Thessaliae,LOC
115,"(18, 26)",Magnesia,LOC
115,"(44, 52)",Libethra,LOC
115,"(71, 79)",Ormenium,LOC
115,"(82, 87)",Pyrra,LOC
115,"(90, 97)",Methone,LOC
115,"(100, 106)",Olizon,LOC
115,"(138, 145)",Castana,LOC
115,"(148, 157)",Spalathra,LOC
115,"(173, 181)",Aeantium,LOC
115,"(191, 199)",Meliboea,LOC
115,"(272, 279)",Pelinna,LOC
115,"(341, 348)",Phylace,LOC
116,"(0, 5)",Epiri,LOC
116,"(8, 15)",Achaiae,LOC
116,"(18, 25)",Atticae,LOC
116,"(28, 38)",Thessaliae,LOC
116,"(62, 71)",CCCCLXXXX,LOC
116,"(92, 102)",CCLXXXXVII,LOC
117,"(0, 9)",Macedonia,LOC
117,"(101, 108)",Emathia,LOC
118,"(8, 18)",Epiroticas,LOC
118,"(63, 72)",Magnesiae,LOC
118,"(79, 89)",Thessaliae,LOC
118,"(142, 149)",Paeonia,LOC
118,"(153, 162)",Pelagonia,LOC
119,"(7, 12)",Aegae,LOC
119,"(43, 49)",Beroea,LOC
119,"(71, 77)",Pieria,LOC
119,"(100, 108)",Aeginium,LOC
120,"(7, 15)",Heraclea,LOC
120,"(25, 31)",Apilas,LOC
120,"(41, 46)",Pydna,LOC
121,"(17, 24)",Vallaei,LOC
121,"(27, 36)",Phylacaei,LOC
121,"(39, 48)",Cyrrestae,LOC
121,"(51, 60)",Tyrissaei,LOC
121,"(63, 68)",Pella,LOC
121,"(206, 212)",Scydra,LOC
121,"(215, 222)",Eordaea,LOC
121,"(233, 242)",Gordyniae,LOC
123,"(39, 49)",Macedoniam,LOC
124,"(61, 70)",Pelagones,LOC
125,"(7, 14)",Rhodope,LOC
125,"(27, 34)",Orbelus,LOC
126,"(33, 42)",Arethusii,LOC
126,"(45, 58)",Antiochienses,LOC
126,"(273, 281)",Heraclea,LOC
126,"(292, 300)",Tymphaei,LOC
126,"(303, 311)",Toronaei,LOC
127,"(13, 23)",Macedonica,LOC
127,"(32, 41)",Chalastra,LOC
127,"(100, 112)",Thessalonice,LOC
127,"(145, 155)",Dyrrhachio,LOC
127,"(166, 172)",Therme,LOC
127,"(176, 185)",Thermaico,LOC
127,"(200, 206)",Dicaea,LOC
127,"(245, 256)",Canastraeum,LOC
127,"(266, 273)",Pallene,LOC
127,"(276, 283)",Phlegra,LOC
128,"(106, 116)",Pallenensi,LOC
128,"(132, 140)",Potidaea,LOC
128,"(148, 158)",Cassandrea,LOC
128,"(180, 189)",Olophyxus,LOC
128,"(198, 207)",Mecyberna,LOC
128,"(217, 225)",Myscella,LOC
128,"(238, 244)",Torone,LOC
128,"(285, 289)",Atho,LOC
128,"(354, 356)",MD,LOC
128,"(428, 430)",CL,LOC
129,"(47, 57)",Vranopolis,LOC
129,"(60, 71)",Palaehorium,LOC
129,"(84, 91)",Cleonae,LOC
129,"(94, 103)",Apollonia,LOC
130,"(8, 15)",Cassera,LOC
130,"(66, 73)",Stagira,LOC
130,"(76, 83)",Sithone,LOC
130,"(86, 94)",Heraclea,LOC
130,"(104, 113)",Mygdoniae,LOC
130,"(151, 160)",Apollonia,LOC
130,"(163, 171)",Arethusa,LOC
131,"(14, 22)",Posidium,LOC
131,"(43, 50)",Cermoro,LOC
131,"(53, 63)",Amphipolis,LOC
131,"(79, 87)",Bisaltae,LOC
132,"(5, 15)",Macedoniae,LOC
132,"(50, 55)",Haemo,LOC
134,"(9, 18)",Macedonia,LOC
134,"(58, 63)",Asiam,LOC
134,"(66, 74)",Armeniam,LOC
134,"(77, 85)",Hiberiam,LOC
134,"(88, 96)",Albaniam,LOC
134,"(99, 110)",Cappadociam,LOC
134,"(113, 119)",Syriam,LOC
134,"(122, 130)",Aegyptum,LOC
134,"(133, 139)",Taurum,LOC
134,"(142, 150)",Caucasum,LOC
134,"(173, 180)",Bactris,LOC
135,"(15, 24)",Macedonia,LOC
136,"(53, 60)",Thracia,LOC
137,"(50, 59)",Strymonem,LOC
137,"(106, 114)",Bisaltas,LOC
137,"(142, 149)",Digerri,LOC
137,"(262, 272)",Carbilesos,LOC
137,"(280, 286)",Brigas,LOC
138,"(42, 52)",Carbiletis,LOC
138,"(101, 106)",Benis,LOC
138,"(109, 117)",Corpilis,LOC
138,"(120, 129)",Bottiaeis,LOC
139,"(97, 105)",Rhodopae,LOC
140,"(38, 45)",Rhodope,LOC
140,"(110, 120)",Trimontium,LOC
142,"(18, 25)",Histrum,LOC
142,"(33, 38)",Moesi,LOC
142,"(49, 53)",Aedi,LOC
142,"(56, 64)",Scaugdae,LOC
142,"(173, 178)",Ponti,LOC
143,"(42, 48)",Pontus,LOC
143,"(74, 81)",Aegaeum,LOC
144,"(24, 33)",Apollonia,LOC
144,"(36, 42)",Oesyma,LOC
145,"(34, 44)",Dyrrhachio,LOC
145,"(45, 51)",CCCXXV,LOC
147,"(0, 8)",Heraclea,LOC
147,"(11, 19)",Olynthos,LOC
147,"(22, 28)",Abdera,LOC
148,"(8, 16)",Bistonum,LOC
149,"(13, 19)",Tirida,LOC
149,"(66, 72)",Dicaea,LOC
149,"(132, 142)",Orthagurea,LOC
150,"(5, 12)",Serrium,LOC
150,"(15, 19)",Zone,LOC
150,"(71, 77)",Xerxes,LOC
150,"(146, 151)",Aenos,LOC
150,"(182, 189)",Ciconum,LOC
152,"(7, 14)",Cypsela,LOC
152,"(17, 25)",Bisanthe,LOC
152,"(58, 68)",Propontide,LOC
152,"(140, 151)",Cherronesum,LOC
153,"(7, 14)",Thracia,LOC
153,"(164, 172)",Callatim,LOC
153,"(210, 219)",Heracleam,LOC
154,"(10, 17)",Bizonen,LOC
154,"(51, 63)",Dionysopolim,LOC
156,"(13, 24)",Aphrodisias,LOC
156,"(47, 55)",Rhocobae,LOC
156,"(58, 65)",Eumenia,LOC
156,"(68, 81)",Parthenopolis,LOC
156,"(84, 91)",Gerania,LOC
156,"(132, 139)",Catizos,LOC
157,"(9, 20)",Dionysopoli,LOC
158,"(39, 45)",Pontum,LOC
158,"(98, 107)",Mesembria,LOC
158,"(110, 119)",Anchialum,LOC
158,"(126, 131)",Messa,LOC
159,"(28, 35)",Anthium,LOC
159,"(47, 56)",Apollonia,LOC
160,"(53, 60)",Thynias,LOC
160,"(76, 84)",Develton,LOC
160,"(138, 148)",Phinopolis,LOC
160,"(162, 170)",Bosporos,LOC
161,"(22, 27)",Ponti,LOC
161,"(117, 127)",Cherronesi,LOC
161,"(128, 133)",CXXVI,LOC
162,"(8, 15)",Bosporo,LOC
162,"(22, 31)",Lasthenes,LOC
162,"(41, 46)",Senum,LOC
163,"(13, 21)",Chryseon,LOC
163,"(45, 54)",Byzantium,LOC
163,"(106, 116)",Dyrrhachio,LOC
163,"(167, 178)",Hadriaticum,LOC
163,"(187, 198)",Propontidem,LOC
164,"(6, 15)",Bathynias,LOC
164,"(31, 38)",Athyras,LOC
165,"(7, 16)",Selymbria,LOC
166,"(6, 11)",Bizye,LOC
166,"(24, 32)",Thraciae,LOC
166,"(79, 86)",Caenica,LOC
166,"(97, 108)",Flaviopolis,LOC
166,"(121, 126)",Caela,LOC
166,"(152, 157)",Bizye,LOC
166,"(209, 219)",CLXXXVIIII,LOC
168,"(13, 23)",Lysimachea,LOC
168,"(31, 41)",Cherroneso,LOC
170,"(66, 76)",Propontide,LOC
170,"(79, 85)",Cardia,LOC
171,"(14, 24)",Propontide,LOC
171,"(57, 63)",Cissam,LOC
171,"(72, 77)",Aegos,LOC
172,"(3, 15)",Hellespontus,LOC
172,"(43, 50)",Europam,LOC
172,"(54, 58)",Asia,LOC
172,"(114, 120)",Europa,LOC
172,"(121, 131)",Callipolim,LOC
172,"(147, 151)",Asia,LOC
172,"(165, 171)",Abydon,LOC
173,"(18, 28)",Cherronesi,LOC
173,"(29, 37)",Mastusia,LOC
173,"(79, 88)",Cynossema,LOC
173,"(189, 199)",Cherronesi,LOC
173,"(222, 229)",Aeolium,LOC
174,"(13, 19)",Melana,LOC
174,"(33, 39)",Coelos,LOC
174,"(68, 74)",Cardia,LOC
176,"(24, 32)",Thraciae,LOC
176,"(64, 76)",Melamphyllos,LOC
178,"(0, 10)",Macedoniae,LOC
178,"(13, 21)",Thraciae,LOC
178,"(24, 35)",Hellesponti,LOC
179,"(9, 20)",CCCLXXXIIII,LOC
180,"(0, 6)",Aegaeo,LOC
180,"(39, 46)",Tenedum,LOC
180,"(50, 55)",Chium,LOC
180,"(77, 80)",Aex,LOC
181,"(29, 38)",Antandrum,LOC
181,"(53, 59)",Achaia,LOC
182,"(0, 6)",Aegaei,LOC
183,"(43, 53)",Macedoniam,LOC
183,"(56, 64)",Geraesto,LOC
183,"(88, 95)",Euboeae,LOC
183,"(96, 103)",Carysto,LOC
184,"(53, 64)",Macedonicum,LOC
184,"(75, 85)",Macedoniam,LOC
184,"(90, 98)",Thraciam,LOC
184,"(125, 133)",Graeciam,LOC
185,"(14, 20)",Ionium,LOC
185,"(33, 40)",Siculum,LOC
185,"(44, 52)",Creticum,LOC
185,"(96, 101)",Samum,LOC
185,"(105, 112)",Myconum,LOC
187,"(112, 123)",Thesprotiae,LOC
187,"(126, 134)",Buthroto,LOC
187,"(203, 210)",Corcyra,LOC
187,"(239, 247)",Cassiope,LOC
187,"(339, 347)",Phaeacia,LOC
188,"(27, 34)",Italiam,LOC
188,"(57, 66)",Leucadiam,LOC
188,"(110, 117)",Corcyra,LOC
189,"(23, 31)",Corcyram,LOC
189,"(84, 93)",Pythionia,LOC
189,"(96, 103)",Ptychia,LOC
189,"(106, 114)",Tarachie,LOC
189,"(131, 139)",Corcyrae,LOC
190,"(5, 14)",Leucadiam,LOC
190,"(24, 32)",Aetoliam,LOC
190,"(109, 118)",Leucadiam,LOC
190,"(131, 138)",Taphias,LOC
190,"(150, 154)",Oxia,LOC
190,"(175, 183)",Aetoliam,LOC
190,"(194, 202)",Aegialia,LOC
190,"(236, 244)",Dionysia,LOC
190,"(247, 253)",Cyrnus,LOC
190,"(256, 263)",Chalcis,LOC
190,"(266, 272)",Pinara,LOC
191,"(17, 28)",Cephallania,LOC
191,"(31, 40)",Zacynthus,LOC
191,"(81, 85)",Same,LOC
191,"(88, 95)",Crocyle,LOC
192,"(7, 18)",Cephallania,LOC
192,"(45, 46)",X,LOC
194,"(14, 21)",Achaiam,LOC
194,"(68, 77)",Zacynthus,LOC
194,"(100, 105)",Hyrie,LOC
197,"(6, 12)",Araxum,LOC
197,"(15, 26)",Peloponnesi,LOC
197,"(88, 97)",Zacynthum,LOC
197,"(167, 179)",Cephallaniam,LOC
197,"(180, 186)",Letoia,LOC
197,"(194, 199)",Pylum,LOC
197,"(204, 212)",Sphagiae,LOC
198,"(35, 43)",Laconico,LOC
198,"(44, 53)",Theganusa,LOC
198,"(56, 62)",Cothon,LOC
198,"(65, 72)",Cythera,LOC
200,"(3, 11)",Argolico,LOC
200,"(22, 27)",Arine,LOC
200,"(30, 36)",Ephyre,LOC
201,"(37, 45)",Aperopia,LOC
201,"(58, 66)",Aristera,LOC
201,"(76, 86)",Troezenium,LOC
201,"(87, 95)",Calauria,LOC
201,"(124, 131)",Belbina,LOC
201,"(134, 139)",Lasia,LOC
201,"(142, 151)",Baucidias,LOC
201,"(161, 170)",Epidaurum,LOC
202,"(7, 13)",Aegina,LOC
202,"(86, 92)",Piraeo,LOC
203,"(29, 35)",Eleusa,LOC
203,"(49, 57)",Craugiae,LOC
203,"(65, 72)",Caeciae,LOC
203,"(122, 130)",Megarico,LOC
203,"(154, 160)",Aegila,LOC
203,"(211, 221)",Phalasarna,LOC
204,"(5, 10)",Creta,LOC
205,"(15, 20)",Crete,LOC
205,"(68, 75)",Curetum,LOC
205,"(116, 122)",Aëriam,LOC
205,"(146, 153)",Curetim,LOC
206,"(96, 101)",CCLXX,LOC
206,"(171, 179)",Creticum,LOC
206,"(249, 257)",Samonium,LOC
206,"(267, 272)",Rhodo,LOC
206,"(289, 293)",Criu,LOC
206,"(302, 309)",Cyrenas,LOC
207,"(21, 31)",Phalasarna,LOC
207,"(34, 39)",Elaea,LOC
207,"(42, 49)",Cisamon,LOC
207,"(52, 60)",Pergamum,LOC
207,"(63, 65)",Cy,LOC
207,"(76, 83)",Minoium,LOC
207,"(109, 118)",Amphimala,LOC
207,"(121, 130)",Rhithymna,LOC
207,"(145, 152)",Cytaeum,LOC
207,"(155, 164)",Apollonia,LOC
207,"(167, 173)",Matium,LOC
207,"(176, 184)",Heraclea,LOC
207,"(207, 217)",Hierapytna,LOC
207,"(261, 268)",Gortyna,LOC
207,"(291, 302)",Polyrrhenum,LOC
207,"(305, 311)",Myrina,LOC
207,"(344, 348)",Dium,LOC
207,"(351, 356)",Asium,LOC
207,"(397, 405)",Olopyxos,LOC
209,"(42, 46)",Criu,LOC
209,"(47, 54)",Metopon,LOC
209,"(79, 88)",Cyrenarum,LOC
209,"(122, 129)",Cadisto,LOC
210,"(8, 13)",Malea,LOC
210,"(35, 43)",Carpatho,LOC
211,"(18, 24)",Rhodum,LOC
211,"(62, 74)",Peloponnesum,LOC
211,"(80, 87)",Corycoe,LOC
211,"(98, 103)",Mylae,LOC
211,"(138, 144)",Cretam,LOC
211,"(160, 168)",Cydoneam,LOC
211,"(183, 189)",Budroe,LOC
211,"(199, 205)",Matium,LOC
211,"(206, 209)",Dia,LOC
211,"(239, 245)",Onysia,LOC
211,"(248, 253)",Leuce,LOC
211,"(263, 274)",Hierapytnam,LOC
211,"(275, 282)",Chrysea,LOC
211,"(285, 291)",Gaudos,LOC
212,"(13, 21)",Ophiussa,LOC
212,"(73, 77)",Criu,LOC
213,"(80, 87)",Zephyre,LOC
214,"(6, 13)",Hellade,LOC
214,"(28, 34)",Aegaeo,LOC
214,"(48, 56)",Scarphia,LOC
214,"(68, 76)",Phocasia,LOC
214,"(122, 129)",Atticae,LOC
215,"(26, 33)",Salamis,LOC
217,"(5, 9)",Ceos,LOC
217,"(52, 56)",Ceam,LOC
217,"(69, 77)",Hydrusam,LOC
217,"(88, 95)",Euboeae,LOC
218,"(77, 85)",Boeotiam,LOC
218,"(140, 146)",Iulida,LOC
218,"(149, 158)",Carthaeam,LOC
218,"(183, 191)",Poeeessa,LOC
220,"(0, 6)",Euboea,LOC
220,"(24, 32)",Boeotiae,LOC
220,"(123, 131)",Geraesto,LOC
220,"(135, 142)",Atticam,LOC
220,"(158, 170)",Hellespontum,LOC
220,"(208, 214)",Cenaeo,LOC
220,"(316, 324)",Boeotiae,LOC
220,"(328, 334)",Attica,LOC
220,"(338, 348)",Thessaliam,LOC
220,"(368, 370)",CL,LOC
220,"(387, 393)",CCCLXV,LOC
221,"(9, 20)",Hellesponto,LOC
221,"(27, 35)",Capherei,LOC
221,"(69, 76)",Porthmo,LOC
221,"(79, 83)",Neso,LOC
221,"(86, 94)",Cerintho,LOC
221,"(120, 128)",Oechalia,LOC
221,"(136, 144)",Chalcide,LOC
221,"(190, 198)",Geraesto,LOC
221,"(201, 208)",Eretria,LOC
221,"(211, 218)",Carysto,LOC
221,"(231, 240)",Artemisio,LOC
221,"(249, 257)",Arethusa,LOC
221,"(358, 366)",Carystio,LOC
222,"(19, 31)",Chalcodontis,LOC
222,"(94, 99)",Macra,LOC
222,"(118, 125)",Chalcis,LOC
222,"(197, 203)",Asopis,LOC
223,"(13, 19)",Myrtoo,LOC
223,"(66, 73)",Aegilia,LOC
223,"(91, 99)",Geraesto,LOC
223,"(106, 111)",Delum,LOC
223,"(153, 161)",Cyclades,LOC
224,"(38, 46)",Geraesto,LOC
225,"(15, 21)",Cauron,LOC
225,"(75, 81)",Lasiam,LOC
225,"(101, 109)",Hydrusam,LOC
225,"(112, 119)",Epagrim,LOC
226,"(33, 37)",Delo,LOC
227,"(26, 33)",Dimasto,LOC
227,"(36, 40)",Delo,LOC
227,"(46, 53)",Siphnus,LOC
227,"(61, 68)",Meropia,LOC
227,"(134, 141)",Cythnos,LOC
227,"(180, 188)",Cycladum,LOC
227,"(205, 214)",Apollinis,LOC
228,"(89, 97)",Cynthiam,LOC
228,"(105, 113)",Ortygiam,LOC
228,"(116, 124)",Asteriam,LOC
228,"(127, 133)",Lagiam,LOC
228,"(136, 146)",Chlamydiam,LOC
228,"(149, 157)",Cynethum,LOC
229,"(36, 43)",Cynthio,LOC
230,"(11, 16)",Rhene,LOC
231,"(101, 105)",Delo,LOC
231,"(162, 169)",Minoida,LOC
233,"(12, 16)",Delo,LOC
233,"(115, 123)",Siciliam,LOC
233,"(136, 146)",Callipolim,LOC
235,"(19, 27)",Cycladas,LOC
235,"(60, 68)",Sporadas,LOC
236,"(30, 37)",Nicasia,LOC
236,"(69, 73)",Naxo,LOC
237,"(66, 70)",Samo,LOC
237,"(84, 91)",Euboeam,LOC
237,"(95, 101)",Andrum,LOC
237,"(132, 141)",Geraestum,LOC
239,"(15, 19)",Naxo,LOC
239,"(82, 90)",Phoenice,LOC
239,"(103, 107)",Odia,LOC
240,"(46, 51)",Andro,LOC
240,"(79, 87)",Cynethus,LOC
240,"(181, 190)",Corassiae,LOC
240,"(213, 219)",Cinara,LOC
240,"(249, 257)",Heraclia,LOC
240,"(270, 275)",Casos,LOC
240,"(281, 288)",Astrabe,LOC
240,"(291, 298)",Cimolos,LOC
240,"(315, 320)",Melos,LOC
240,"(381, 390)",Zephyriam,LOC
240,"(428, 434)",Siphin,LOC
241,"(0, 10)",Buporthmos,LOC
241,"(13, 19)",Machia,LOC
241,"(73, 80)",Amorgos,LOC
241,"(104, 109)",Thera,LOC
241,"(133, 141)",Calliste,LOC
242,"(20, 28)",Therasia,LOC
242,"(75, 80)",Hiera,LOC
242,"(101, 105)",Thia,LOC
243,"(42, 49)",Ascania,LOC
244,"(0, 10)",Astypalaea,LOC
244,"(62, 69)",Cadisto,LOC
244,"(70, 76)",Cretae,LOC
244,"(90, 96)",Platea,LOC
244,"(107, 114)",Caminia,LOC
244,"(125, 134)",Azibintha,LOC
244,"(168, 177)",Thetaedia,LOC
244,"(180, 187)",Chalcia,LOC
244,"(190, 197)",Calymna,LOC
244,"(217, 221)",Coos,LOC
244,"(240, 249)",Carpathum,LOC
244,"(263, 272)",Carpathio,LOC
245,"(5, 11)",Rhodum,LOC
245,"(12, 18)",Africo,LOC
245,"(60, 64)",Caso,LOC
245,"(76, 82)",Cretae,LOC
247,"(50, 55)",Asiae,LOC
247,"(71, 78)",Myrtois,LOC
247,"(79, 86)",Atticae,LOC
247,"(104, 110)",Aegaeo,LOC
247,"(128, 135)",Cretico,LOC
247,"(139, 148)",Carpathio,LOC
248,"(30, 37)",Euthiam,LOC
248,"(40, 50)",Cicynethum,LOC
248,"(53, 59)",Scyrum,LOC
248,"(79, 87)",Cycladum,LOC
248,"(91, 99)",Sporadum,LOC
248,"(110, 119)",Gerontiam,LOC
248,"(154, 163)",Solymniam,LOC
248,"(166, 174)",Eudemiam,LOC
248,"(177, 181)",Neam,LOC
248,"(189, 197)",Minervae,LOC
248,"(210, 215)",Athos,LOC
248,"(270, 277)",Euoenon,LOC
249,"(14, 22)",Mastusia,LOC
249,"(23, 33)",Cherronesi,LOC
249,"(60, 64)",LXII,LOC
251,"(28, 32)",Atho,LOC
251,"(62, 63)",D,LOC
251,"(83, 94)",Hephaestiam,LOC
251,"(98, 105)",Myrinam,LOC
251,"(133, 138)",Athos,LOC
252,"(34, 39)",Aëria,LOC
252,"(44, 51)",Aethria,LOC
253,"(5, 11)",Abdera,LOC
253,"(31, 36)",Athos,LOC
254,"(21, 31)",Samothrace,LOC
255,"(10, 18)",Thraciae,LOC
256,"(31, 40)",Dardaniam,LOC
257,"(6, 17)",Cherronesum,LOC
257,"(72, 79)",Gethone,LOC
257,"(82, 90)",Lamponia,LOC
257,"(120, 125)",Coelo,LOC
257,"(128, 138)",Cherronesi,LOC
258,"(97, 105)",Cissyros,LOC
258,"(108, 117)",Charbrusa,LOC
258,"(120, 129)",Calathusa,LOC
258,"(132, 139)",Scyllia,LOC
258,"(152, 159)",Dictaea,LOC
258,"(162, 171)",Melanthia,LOC
258,"(185, 194)",Arconesos,LOC
258,"(208, 215)",Ascapos,LOC
258,"(218, 226)",Capheris,LOC
258,"(238, 246)",Aeantion,LOC
258,"(274, 281)",Calathe,LOC
259,"(34, 45)",Hellesponto,LOC
259,"(56, 63)",Maeotis,LOC
260,"(11, 16)",Ponti,LOC
261,"(25, 30)",Asiae,LOC
261,"(37, 43)",Europa,LOC
261,"(53, 63)",Cherronesi,LOC
261,"(117, 120)",VII,LOC
261,"(160, 167)",Europam,LOC
261,"(177, 182)",Asiae,LOC
262,"(17, 29)",Hellespontum,LOC
263,"(64, 69)",Asiae,LOC
265,"(41, 49)",Thracius,LOC
265,"(50, 58)",Bosporus,LOC
266,"(8, 19)",Hellesponto,LOC
267,"(17, 23)",Pontus,LOC
267,"(24, 31)",Euxinus,LOC
268,"(27, 34)",Maeotii,LOC
269,"(10, 18)",Bosporus,LOC
270,"(14, 22)",Bosporos,LOC
270,"(23, 31)",Thracium,LOC
270,"(35, 44)",Cimmerium,LOC
271,"(22, 27)",Ponti,LOC
273,"(151, 161)",Apolloniam,LOC
273,"(162, 172)",CLXXXVII.D,LOC
273,"(179, 187)",Callatim,LOC
273,"(227, 238)",Borysthenem,LOC
273,"(245, 256)",Cherronesum,LOC
273,"(279, 286)",CCCLXXV,LOC
273,"(367, 372)",CCXII,LOC
275,"(13, 21)",Byzantio,LOC
276,"(11, 18)",Maeotis,LOC
276,"(21, 27)",Tanain,LOC
276,"(37, 44)",Ripaeis,LOC
276,"(94, 101)",Europam,LOC
276,"(102, 107)",Asiam,LOC
276,"(112, 117)",Asiam,LOC
277,"(17, 23)",Tanais,LOC
278,"(31, 39)",Thraciae,LOC
280,"(13, 21)",Germania,LOC
280,"(35, 42)",Abnouae,LOC
280,"(92, 97)",Alpes,LOC
280,"(137, 143)",Danuvi,LOC
280,"(190, 199)",Illyricum,LOC
280,"(227, 229)",LX,LOC
280,"(293, 299)",Pontum,LOC
281,"(32, 37)",Peuce,LOC
282,"(24, 35)",Histropolim,LOC
283,"(49, 54)",Calon,LOC
283,"(119, 126)",Conopon,LOC
283,"(152, 157)",Stoma,LOC
283,"(168, 173)",Stoma,LOC
285,"(251, 261)",Trogodytae,LOC
285,"(311, 319)",Danuvium,LOC
285,"(367, 375)",Carnunti,LOC
285,"(532, 537)",Duria,LOC
285,"(571, 579)",Vanniano,LOC
286,"(29, 35)",Histro,LOC
286,"(158, 165)",Vistlam,LOC
286,"(177, 186)",Sarmatiae,LOC
289,"(9, 15)",Histro,LOC
289,"(23, 33)",Cremniscoe,LOC
289,"(36, 44)",Aepolium,LOC
289,"(81, 85)",Tyra,LOC
290,"(81, 85)",CXXX,LOC
291,"(4, 11)",Axiacae,LOC
291,"(44, 51)",Crolyzi,LOC
291,"(61, 66)",Rhode,LOC
291,"(107, 111)",Tyra,LOC
291,"(112, 115)",CXX,LOC
291,"(123, 134)",Borysthenes,LOC
291,"(217, 227)",Olbiopolis,LOC
291,"(231, 242)",Miletopolis,LOC
292,"(21, 30)",Achaeorum,LOC
292,"(238, 239)",A,LOC
294,"(22, 29)",Hylaeum,LOC
296,"(34, 40)",Olbiam,LOC
296,"(45, 55)",Borysthene,LOC
296,"(124, 129)",Asiae,LOC
297,"(0, 4)",Mare,LOC
297,"(68, 76)",Maeotide,LOC
298,"(6, 16)",Carcinites,LOC
299,"(34, 41)",Carcine,LOC
300,"(14, 19)",Buces,LOC
300,"(39, 43)",mare,LOC
301,"(13, 19)",Coreto,LOC
301,"(22, 28)",Maeoti,LOC
304,"(122, 129)",Coretum,LOC
305,"(6, 14)",Scythiae,LOC
305,"(15, 22)",Sindica,LOC
306,"(16, 23)",Taurica,LOC
307,"(78, 87)",Characeni,LOC
307,"(90, 98)",Assyrani,LOC
308,"(12, 23)",Scythotauri,LOC
308,"(56, 66)",Cherroneso,LOC
308,"(67, 70)",Nea,LOC
309,"(24, 31)",Taphrae,LOC
309,"(69, 77)",Heraclea,LOC
309,"(122, 130)",Megarice,LOC
309,"(198, 206)",Graeciae,LOC
310,"(5, 15)",Parthenium,LOC
310,"(48, 54)",Placia,LOC
310,"(88, 92)",Criu,LOC
310,"(110, 119)",Carambico,LOC
310,"(120, 125)",Asiae,LOC
310,"(151, 158)",Euxinum,LOC
310,"(170, 174)",CLXX,LOC
312,"(8, 17)",Theodosia,LOC
312,"(25, 31)",Metopo,LOC
312,"(45, 55)",Cherroneso,LOC
312,"(61, 65)",CLXV,LOC
313,"(19, 24)",Cytae,LOC
313,"(27, 36)",Zephyrium,LOC
313,"(39, 44)",Acrae,LOC
313,"(47, 56)",Nymphaeum,LOC
313,"(59, 62)",Dia,LOC
314,"(34, 41)",Bospori,LOC
314,"(79, 88)",Theodosia,LOC
315,"(49, 51)",MM,LOC
316,"(18, 23)",Asiam,LOC
316,"(27, 33)",Europa,LOC
317,"(0, 7)",Bospori,LOC
319,"(13, 22)",Hermisium,LOC
319,"(52, 60)",Alopecen,LOC
320,"(4, 11)",Maeotim,LOC
320,"(29, 35)",Isthmo,LOC
320,"(48, 55)",Taphrae,LOC
320,"(72, 79)",Bospori,LOC
321,"(2, 9)",Taphris,LOC
321,"(99, 110)",Borysthenes,LOC
321,"(145, 154)",Basilidae,LOC
321,"(175, 184)",Agathyrsi,LOC
322,"(27, 40)",Anthropophagi,LOC
322,"(61, 68)",Maeotim,LOC
323,"(15, 21)",Tanain,LOC
323,"(28, 35)",Maeotae,LOC
324,"(207, 216)",Aquilonis,LOC
325,"(36, 45)",Aquilonem,LOC
330,"(26, 31)",Asiae,LOC
330,"(57, 63)",Europa,LOC
333,"(79, 84)",Delum,LOC
334,"(199, 204)",Delum,LOC
336,"(12, 20)",Scythiae,LOC
336,"(23, 31)",Tauricae,LOC
336,"(54, 64)",Borysthene,LOC
339,"(0, 12)",Hellespontus,LOC
339,"(34, 40)",Europa,LOC
340,"(3, 8)",Ponto,LOC
340,"(16, 19)",M.D,LOC
340,"(23, 29)",Europa,LOC
340,"(57, 64)",Cyaneae,LOC
341,"(35, 39)",LXXX,LOC
341,"(46, 53)",Bosporo,LOC
341,"(54, 61)",Thracio,LOC
341,"(83, 94)",Capitolinum,LOC
343,"(5, 16)",Borysthenen,LOC
343,"(17, 25)",Achillea,LOC
343,"(50, 55)",Leuce,LOC
344,"(35, 45)",Borysthene,LOC
344,"(46, 49)",CXL,LOC
344,"(60, 64)",Tyra,LOC
344,"(65, 68)",CXX,LOC
344,"(153, 165)",Cephalonesos,LOC
344,"(168, 175)",Spodusa,LOC
344,"(178, 183)",Macra,LOC
345,"(60, 65)",Ponto,LOC
345,"(203, 208)",Ponto,LOC
346,"(158, 163)",Gadis,LOC
347,"(68, 76)",Scythiam,LOC
347,"(93, 101)",Baunonia,LOC
350,"(57, 65)",Scythiam,LOC
352,"(94, 101)",Balciam,LOC
352,"(126, 134)",Basiliam,LOC
354,"(76, 84)",Germania,LOC
355,"(5, 10)",Saevo,LOC
355,"(30, 37)",Ripaeis,LOC
355,"(171, 181)",Scatinavia,LOC
356,"(23, 31)",Aeningia,LOC
357,"(24, 31)",Vistlam,LOC
357,"(59, 66)",Venedis,LOC
357,"(101, 110)",Cylipenum,LOC
357,"(143, 149)",Latrim,LOC
357,"(170, 176)",Lagnum,LOC
360,"(29, 36)",Fabaria,LOC
360,"(99, 108)",Glaesaria,LOC
360,"(148, 158)",Austeravia,LOC
360,"(185, 192)",Actania,LOC
361,"(19, 26)",Scaldim,LOC
362,"(73, 79)",Raetia,LOC
362,"(136, 143)",Raetiae,LOC
362,"(216, 224)",Germania,LOC
366,"(18, 23)",Rheno,LOC
368,"(22, 31)",Basternae,LOC
369,"(57, 63)",Vistla,LOC
369,"(66, 71)",Albis,LOC
369,"(74, 82)",Visurgis,LOC
369,"(94, 100)",Rhenus,LOC
369,"(103, 107)",Mosa,LOC
371,"(3, 8)",Rheno,LOC
371,"(133, 144)",Frisiavonum,LOC
371,"(195, 203)",Helinium,LOC
371,"(207, 213)",Flevum,LOC
372,"(95, 100)",Mosam,LOC
373,"(23, 32)",Britannia,LOC
374,"(29, 39)",Britanniae,LOC
375,"(13, 22)",Gesoriaco,LOC
375,"(217, 227)",Calidoniae,LOC
378,"(17, 21)",CXXV,LOC
379,"(97, 106)",Hiberniam,LOC
379,"(110, 120)",Britanniam,LOC
379,"(121, 125)",Mona,LOC
379,"(128, 135)",Monapia,LOC
379,"(138, 145)",Riginia,LOC
379,"(188, 194)",Samnis,LOC
379,"(248, 256)",Glaesiae,LOC
380,"(30, 34)",Tyle,LOC
382,"(21, 30)",Britannia,LOC
383,"(107, 112)",Tylen,LOC
385,"(0, 6)",Gallia,LOC
385,"(13, 19)",Comata,LOC
386,"(21, 28)",Belgica,LOC
386,"(49, 56)",Celtica,LOC
386,"(99, 107)",Pyrenaei,LOC
386,"(124, 134)",Aquitanica,LOC
386,"(137, 146)",Aremorica,LOC
387,"(60, 66)",Rhenum,LOC
387,"(70, 79)",Pyrenaeum,LOC
387,"(104, 112)",Cebennam,LOC
387,"(143, 150)",Galliam,LOC
387,"(175, 181)",CCCCXX,LOC
388,"(65, 71)",Menapi,LOC
388,"(110, 120)",Gesoriacus,LOC
388,"(142, 149)",Ambiani,LOC
389,"(10, 19)",Catoslugi,LOC
389,"(146, 153)",Baetasi,LOC
389,"(156, 161)",Leuci,LOC
389,"(216, 220)",Remi,LOC
389,"(233, 245)",Mediomatrici,LOC
389,"(300, 307)",Raurica,LOC
390,"(0, 6)",Rhenum,LOC
390,"(81, 90)",Vangiones,LOC
390,"(169, 174)",Rheni,LOC
391,"(12, 18)",Gallia,LOC
391,"(60, 67)",Venetos,LOC
391,"(109, 116)",Ligerem,LOC
391,"(229, 233)",CXXV,LOC
392,"(51, 60)",Carnuteni,LOC
392,"(73, 76)",Boi,LOC
392,"(133, 141)",Cenomani,LOC
392,"(218, 225)",Venelli,LOC
392,"(286, 295)",Segusiavi,LOC
392,"(328, 337)",Lugudunum,LOC
393,"(29, 38)",Anagnutes,LOC
393,"(69, 78)",Bituriges,LOC
394,"(26, 34)",Convenae,LOC
394,"(47, 55)",Tarbelli,LOC
394,"(97, 103)",Venami,LOC
394,"(137, 146)",Pyrenaeus,LOC
394,"(207, 214)",Camponi,LOC
394,"(244, 252)",Lassunni,LOC
394,"(368, 379)",Basaboiates,LOC
394,"(402, 413)",Cambolectri,LOC
395,"(24, 33)",Bituriges,LOC
395,"(45, 49)",Cubi,LOC
395,"(84, 91)",Arverni,LOC
395,"(118, 125)",Gabales,LOC
396,"(7, 17)",Narbonensi,LOC
396,"(49, 56)",Cadurci,LOC
396,"(71, 76)",Tarne,LOC
396,"(81, 86)",Tarne,LOC
397,"(20, 26)",Rhenum,LOC
397,"(59, 65)",Rhenum,LOC
397,"(104, 113)",Pyrenaeum,LOC
398,"(37, 46)",Veneticae,LOC
398,"(65, 75)",Aquitanico,LOC
399,"(2, 10)",Pyrenaei,LOC
399,"(23, 31)",Hispania,LOC
399,"(56, 62)",Gallia,LOC
400,"(5, 13)",Pyrenaei,LOC
400,"(95, 104)",Hispanias,LOC
402,"(2, 10)",Pyrenaeo,LOC
402,"(23, 31)",Vasconum,LOC
402,"(41, 47)",Olarso,LOC
402,"(79, 86)",Menosca,LOC
402,"(101, 107)",Amanum,LOC
402,"(126, 137)",Flaviobrica,LOC
403,"(23, 34)",Cantabrorum,LOC
404,"(7, 12)",Sauga,LOC
405,"(7, 16)",Victoriae,LOC
405,"(74, 82)",Blendium,LOC
406,"(39, 50)",Veseiasueca,LOC
408,"(61, 66)",Navia,LOC
408,"(138, 148)",Arrotrebae,LOC
409,"(13, 21)",Celticum,LOC
410,"(159, 165)",Cileni,LOC
411,"(22, 31)",Corticata,LOC
412,"(57, 61)",Tyde,LOC
413,"(8, 14)",Siccae,LOC
413,"(25, 33)",Abobrica,LOC
414,"(36, 41)",Leuni,LOC
414,"(44, 50)",Seurbi,LOC
414,"(53, 61)",Bracarum,LOC
414,"(70, 77)",Augusta,LOC
414,"(91, 100)",Gallaecia,LOC
415,"(7, 12)",Limia,LOC
415,"(38, 47)",Hispaniae,LOC
415,"(109, 117)",Arevacos,LOC
415,"(163, 170)",Asturia,LOC
415,"(186, 195)",Lusitania,LOC
416,"(27, 35)",Pyrenaeo,LOC
418,"(35, 40)",Vagia,LOC
418,"(51, 60)",Talabrica,LOC
418,"(81, 89)",Aeminium,LOC
419,"(2, 5)",115,LOC
420,"(62, 72)",Conimbriga,LOC
420,"(75, 83)",Collippo,LOC
420,"(86, 99)",Eburobrittium,LOC
422,"(13, 22)",Hispaniae,LOC
423,"(76, 86)",Atlanticus,LOC
424,"(48, 57)",Pyrenaeum,LOC
425,"(0, 10)",Arrotrebas,LOC
425,"(28, 36)",Celticum,LOC
427,"(109, 116)",Limaeam,LOC
427,"(196, 201)",Tagus,LOC
427,"(219, 224)",Munda,LOC
428,"(0, 5)",Tagus,LOC
429,"(6, 9)",CLX,LOC
429,"(44, 53)",Hispaniae,LOC
430,"(26, 35)",Pyrenaeum,LOC
430,"(69, 73)",Anam,LOC
430,"(85, 95)",Lusitaniam,LOC
430,"(98, 105)",Baetica,LOC
430,"(120, 125)",CXXVI,LOC
430,"(138, 141)",CII,LOC
431,"(32, 37)",Tagum,LOC
431,"(52, 55)",Ana,LOC
432,"(9, 13)",Tago,LOC
432,"(33, 40)",Olisipo,LOC
432,"(85, 92)",Salacia,LOC
432,"(105, 109)",Vrbs,LOC
432,"(124, 133)",Merobrica,LOC
434,"(7, 15)",Ossonoba,LOC
434,"(18, 23)",Balsa,LOC
434,"(26, 34)",Myrtilis,LOC
435,"(0, 8)",Vniversa,LOC
435,"(74, 86)",Scalabitanum,LOC
436,"(9, 16)",Augusta,LOC
436,"(27, 31)",Anae,LOC
436,"(132, 138)",Castra,LOC
436,"(150, 156)",Castra,LOC
437,"(11, 19)",Scalabis,LOC
438,"(28, 35)",Olisipo,LOC
439,"(21, 26)",Ebora,LOC
439,"(74, 81)",Salacia,LOC
440,"(65, 73)",Baeticae,LOC
440,"(207, 214)",Colarni,LOC
441,"(0, 10)",Lusitaniam,LOC
441,"(15, 22)",Asturia,LOC
441,"(26, 35)",Gallaecia,LOC
442,"(31, 39)",Pyrenaei,LOC
442,"(161, 172)",Celtiberiae,LOC
442,"(198, 210)",Cassiterides,LOC
442,"(262, 274)",Arrotrebarum,LOC
443,"(20, 28)",Baeticae,LOC
443,"(52, 57)",Gadis,LOC
444,"(59, 63)",Vrbe,LOC
445,"(19, 28)",Hispaniam,LOC
445,"(122, 128)",Gadium,LOC
446,"(54, 60)",Sileno,LOC
446,"(61, 72)",Aphrodisias,LOC
447,"(58, 66)",Tarteson,LOC
447,"(79, 84)",Poeni,LOC
447,"(85, 90)",Gadir,LOC
447,"(97, 103)",Punica,LOC
448,"(28, 32)",Tyri,LOC
448,"(58, 65)",Erythro,LOC
450,"(34, 44)",Lusitaniam,LOC
452,"(53, 58)",Gades,LOC
453,"(32, 38)",Italia,LOC
454,"(17, 24)",Italiae,LOC
454,"(60, 65)",Alpes,LOC
454,"(73, 81)",Lugdunum,LOC
455,"(78, 83)",Rheni,LOC
455,"(124, 131)",Alpibus,LOC
456,"(12, 18)",Africa,LOC
456,"(25, 29)",Asia,LOC
